cell_id,orig_obs_idx
cell_0,0
cell_1,1
cell_10,10
cell_100,100
cell_101,101
cell_102,102
cell_103,103
cell_104,104
cell_105,105
cell_10558,10558
cell_10559,10559
cell_10560,10560
cell_10561,10561
cell_10562,10562
cell_10563,10563
cell_10564,10564
cell_10565,10565
cell_10566,10566
cell_10567,10567
cell_10568,10568
cell_10569,10569
cell_10570,10570
cell_10571,10571
cell_10572,10572
cell_10573,10573
cell_10574,10574
cell_10575,10575
cell_10576,10576
cell_10577,10577
cell_10578,10578
cell_10579,10579
cell_10580,10580
cell_10582,10582
cell_10584,10584
cell_10585,10585
cell_10586,10586
cell_10587,10587
cell_10588,10588
cell_10589,10589
cell_10590,10590
cell_10591,10591
cell_10592,10592
cell_10593,10593
cell_10594,10594
cell_10595,10595
cell_10596,10596
cell_10598,10598
cell_10599,10599
cell_106,106
cell_10600,10600
cell_10601,10601
cell_10602,10602
cell_10603,10603
cell_10604,10604
cell_10605,10605
cell_10606,10606
cell_10607,10607
cell_10608,10608
cell_10609,10609
cell_10611,10611
cell_10612,10612
cell_10613,10613
cell_10614,10614
cell_10615,10615
cell_10616,10616
cell_10617,10617
cell_10618,10618
cell_10619,10619
cell_10620,10620
cell_10621,10621
cell_10622,10622
cell_10623,10623
cell_10624,10624
cell_10625,10625
cell_10626,10626
cell_10627,10627
cell_10628,10628
cell_10629,10629
cell_10630,10630
cell_10631,10631
cell_10632,10632
cell_10633,10633
cell_10634,10634
cell_10635,10635
cell_10636,10636
cell_10637,10637
cell_10638,10638
cell_10639,10639
cell_10640,10640
cell_10641,10641
cell_10642,10642
cell_10643,10643
cell_10644,10644
cell_10645,10645
cell_10646,10646
cell_10647,10647
cell_10648,10648
cell_10650,10650
cell_10651,10651
cell_10652,10652
cell_10653,10653
cell_10654,10654
cell_10656,10656
cell_10657,10657
cell_10658,10658
cell_10659,10659
cell_10660,10660
cell_10661,10661
cell_10662,10662
cell_10663,10663
cell_10664,10664
cell_10665,10665
cell_10666,10666
cell_10667,10667
cell_10668,10668
cell_10669,10669
cell_10670,10670
cell_10671,10671
cell_10672,10672
cell_10674,10674
cell_10675,10675
cell_10676,10676
cell_10677,10677
cell_10678,10678
cell_10679,10679
cell_10680,10680
cell_10681,10681
cell_10682,10682
cell_10683,10683
cell_10684,10684
cell_10685,10685
cell_10686,10686
cell_10687,10687
cell_10688,10688
cell_10689,10689
cell_10690,10690
cell_10691,10691
cell_10692,10692
cell_10693,10693
cell_10694,10694
cell_10695,10695
cell_10696,10696
cell_10697,10697
cell_10698,10698
cell_10699,10699
cell_107,107
cell_10700,10700
cell_10701,10701
cell_10702,10702
cell_10703,10703
cell_10704,10704
cell_10705,10705
cell_10706,10706
cell_10707,10707
cell_10708,10708
cell_10709,10709
cell_10711,10711
cell_10712,10712
cell_10713,10713
cell_10714,10714
cell_10715,10715
cell_10716,10716
cell_10717,10717
cell_10718,10718
cell_10719,10719
cell_10720,10720
cell_10722,10722
cell_10723,10723
cell_10724,10724
cell_10725,10725
cell_10726,10726
cell_10727,10727
cell_10728,10728
cell_10729,10729
cell_10730,10730
cell_10731,10731
cell_10732,10732
cell_10733,10733
cell_10734,10734
cell_10735,10735
cell_10736,10736
cell_10737,10737
cell_10738,10738
cell_10739,10739
cell_10740,10740
cell_10741,10741
cell_10742,10742
cell_10743,10743
cell_10744,10744
cell_10745,10745
cell_10746,10746
cell_10747,10747
cell_10748,10748
cell_10749,10749
cell_10750,10750
cell_10751,10751
cell_10752,10752
cell_10753,10753
cell_10754,10754
cell_10755,10755
cell_10756,10756
cell_10757,10757
cell_10759,10759
cell_10760,10760
cell_10761,10761
cell_10762,10762
cell_10763,10763
cell_10764,10764
cell_10765,10765
cell_10766,10766
cell_10767,10767
cell_10768,10768
cell_10769,10769
cell_10770,10770
cell_10771,10771
cell_10772,10772
cell_10773,10773
cell_10774,10774
cell_10775,10775
cell_10776,10776
cell_10777,10777
cell_10778,10778
cell_10779,10779
cell_10780,10780
cell_10782,10782
cell_10783,10783
cell_10784,10784
cell_10785,10785
cell_10787,10787
cell_10788,10788
cell_10789,10789
cell_10790,10790
cell_10791,10791
cell_10792,10792
cell_10793,10793
cell_10794,10794
cell_10795,10795
cell_10796,10796
cell_10797,10797
cell_10798,10798
cell_10799,10799
cell_108,108
cell_10800,10800
cell_10801,10801
cell_10802,10802
cell_10803,10803
cell_10804,10804
cell_10805,10805
cell_10806,10806
cell_10807,10807
cell_10808,10808
cell_10810,10810
cell_10812,10812
cell_10813,10813
cell_10814,10814
cell_10815,10815
cell_10816,10816
cell_10817,10817
cell_10818,10818
cell_10819,10819
cell_10820,10820
cell_10821,10821
cell_10822,10822
cell_10823,10823
cell_10824,10824
cell_10825,10825
cell_10826,10826
cell_10827,10827
cell_10828,10828
cell_10829,10829
cell_10830,10830
cell_10831,10831
cell_10833,10833
cell_10834,10834
cell_10835,10835
cell_10837,10837
cell_10838,10838
cell_10840,10840
cell_10841,10841
cell_10842,10842
cell_10843,10843
cell_10844,10844
cell_10845,10845
cell_10846,10846
cell_10847,10847
cell_10849,10849
cell_10850,10850
cell_10851,10851
cell_10852,10852
cell_10853,10853
cell_10854,10854
cell_10855,10855
cell_10856,10856
cell_10857,10857
cell_10858,10858
cell_10859,10859
cell_10860,10860
cell_10861,10861
cell_10862,10862
cell_10863,10863
cell_10864,10864
cell_10865,10865
cell_10866,10866
cell_10867,10867
cell_10868,10868
cell_10869,10869
cell_10870,10870
cell_10871,10871
cell_10872,10872
cell_10873,10873
cell_10874,10874
cell_10875,10875
cell_10876,10876
cell_10877,10877
cell_10878,10878
cell_10879,10879
cell_10880,10880
cell_10881,10881
cell_10882,10882
cell_10883,10883
cell_10885,10885
cell_10886,10886
cell_10887,10887
cell_10888,10888
cell_10889,10889
cell_10890,10890
cell_10891,10891
cell_10892,10892
cell_10893,10893
cell_10894,10894
cell_10895,10895
cell_10896,10896
cell_10897,10897
cell_10898,10898
cell_10899,10899
cell_109,109
cell_10900,10900
cell_10901,10901
cell_10902,10902
cell_10903,10903
cell_10904,10904
cell_10905,10905
cell_10906,10906
cell_10907,10907
cell_10908,10908
cell_10909,10909
cell_10910,10910
cell_10911,10911
cell_10912,10912
cell_10913,10913
cell_10914,10914
cell_10915,10915
cell_10917,10917
cell_10918,10918
cell_10919,10919
cell_10920,10920
cell_10921,10921
cell_10922,10922
cell_10923,10923
cell_10924,10924
cell_10925,10925
cell_10926,10926
cell_10928,10928
cell_10929,10929
cell_10930,10930
cell_10931,10931
cell_10932,10932
cell_10933,10933
cell_10934,10934
cell_10935,10935
cell_10936,10936
cell_10938,10938
cell_10939,10939
cell_10941,10941
cell_10942,10942
cell_10943,10943
cell_10944,10944
cell_10945,10945
cell_10946,10946
cell_10947,10947
cell_10948,10948
cell_10949,10949
cell_10950,10950
cell_10951,10951
cell_10952,10952
cell_10953,10953
cell_10954,10954
cell_10955,10955
cell_10956,10956
cell_10957,10957
cell_10958,10958
cell_10959,10959
cell_10960,10960
cell_10961,10961
cell_10962,10962
cell_10963,10963
cell_10964,10964
cell_10965,10965
cell_10966,10966
cell_10967,10967
cell_10968,10968
cell_10969,10969
cell_10970,10970
cell_10971,10971
cell_10972,10972
cell_10974,10974
cell_10975,10975
cell_10976,10976
cell_10977,10977
cell_10978,10978
cell_10979,10979
cell_10980,10980
cell_10981,10981
cell_10982,10982
cell_10983,10983
cell_10984,10984
cell_10985,10985
cell_10986,10986
cell_10987,10987
cell_10988,10988
cell_10989,10989
cell_10990,10990
cell_10991,10991
cell_10992,10992
cell_10993,10993
cell_10994,10994
cell_10995,10995
cell_10996,10996
cell_10997,10997
cell_10998,10998
cell_10999,10999
cell_11,11
cell_110,110
cell_11000,11000
cell_11001,11001
cell_11002,11002
cell_11003,11003
cell_11004,11004
cell_11005,11005
cell_11006,11006
cell_11007,11007
cell_11008,11008
cell_11009,11009
cell_11010,11010
cell_11011,11011
cell_11012,11012
cell_11013,11013
cell_11014,11014
cell_11015,11015
cell_11016,11016
cell_11017,11017
cell_11018,11018
cell_11019,11019
cell_11020,11020
cell_11021,11021
cell_11022,11022
cell_11023,11023
cell_11024,11024
cell_11025,11025
cell_11026,11026
cell_11027,11027
cell_11028,11028
cell_11029,11029
cell_11030,11030
cell_11031,11031
cell_11032,11032
cell_11033,11033
cell_11034,11034
cell_11035,11035
cell_11036,11036
cell_11037,11037
cell_11038,11038
cell_11039,11039
cell_11040,11040
cell_11041,11041
cell_11042,11042
cell_11043,11043
cell_11044,11044
cell_11045,11045
cell_11046,11046
cell_11047,11047
cell_11048,11048
cell_11049,11049
cell_11050,11050
cell_11051,11051
cell_11052,11052
cell_11053,11053
cell_11054,11054
cell_11055,11055
cell_11056,11056
cell_11057,11057
cell_11058,11058
cell_11060,11060
cell_11061,11061
cell_11062,11062
cell_11063,11063
cell_11064,11064
cell_11065,11065
cell_11066,11066
cell_11067,11067
cell_11068,11068
cell_11069,11069
cell_11070,11070
cell_11071,11071
cell_11072,11072
cell_11073,11073
cell_11074,11074
cell_11075,11075
cell_11076,11076
cell_11078,11078
cell_11079,11079
cell_11080,11080
cell_11082,11082
cell_11083,11083
cell_11084,11084
cell_111,111
cell_112,112
cell_113,113
cell_114,114
cell_115,115
cell_116,116
cell_117,117
cell_118,118
cell_119,119
cell_12,12
cell_120,120
cell_121,121
cell_122,122
cell_123,123
cell_124,124
cell_125,125
cell_126,126
cell_127,127
cell_128,128
cell_129,129
cell_13,13
cell_130,130
cell_131,131
cell_132,132
cell_133,133
cell_134,134
cell_135,135
cell_136,136
cell_137,137
cell_138,138
cell_139,139
cell_14,14
cell_140,140
cell_141,141
cell_142,142
cell_143,143
cell_144,144
cell_146,146
cell_147,147
cell_148,148
cell_149,149
cell_15,15
cell_150,150
cell_151,151
cell_153,153
cell_154,154
cell_155,155
cell_156,156
cell_157,157
cell_158,158
cell_159,159
cell_16,16
cell_160,160
cell_161,161
cell_163,163
cell_164,164
cell_165,165
cell_166,166
cell_167,167
cell_168,168
cell_169,169
cell_17,17
cell_170,170
cell_171,171
cell_172,172
cell_173,173
cell_174,174
cell_175,175
cell_176,176
cell_177,177
cell_178,178
cell_179,179
cell_18,18
cell_180,180
cell_181,181
cell_182,182
cell_184,184
cell_185,185
cell_186,186
cell_187,187
cell_188,188
cell_189,189
cell_19,19
cell_190,190
cell_192,192
cell_193,193
cell_194,194
cell_195,195
cell_196,196
cell_197,197
cell_198,198
cell_199,199
cell_2,2
cell_20,20
cell_200,200
cell_201,201
cell_202,202
cell_203,203
cell_204,204
cell_205,205
cell_206,206
cell_207,207
cell_209,209
cell_21,21
cell_211,211
cell_212,212
cell_213,213
cell_214,214
cell_216,216
cell_217,217
cell_218,218
cell_219,219
cell_22,22
cell_220,220
cell_221,221
cell_222,222
cell_223,223
cell_224,224
cell_225,225
cell_226,226
cell_227,227
cell_228,228
cell_229,229
cell_23,23
cell_230,230
cell_231,231
cell_232,232
cell_233,233
cell_234,234
cell_235,235
cell_236,236
cell_238,238
cell_24,24
cell_240,240
cell_241,241
cell_242,242
cell_243,243
cell_245,245
cell_246,246
cell_247,247
cell_249,249
cell_25,25
cell_250,250
cell_251,251
cell_252,252
cell_253,253
cell_254,254
cell_255,255
cell_256,256
cell_257,257
cell_258,258
cell_259,259
cell_26,26
cell_260,260
cell_261,261
cell_262,262
cell_263,263
cell_264,264
cell_265,265
cell_266,266
cell_267,267
cell_269,269
cell_270,270
cell_271,271
cell_272,272
cell_273,273
cell_274,274
cell_275,275
cell_276,276
cell_277,277
cell_278,278
cell_279,279
cell_28,28
cell_280,280
cell_281,281
cell_282,282
cell_283,283
cell_284,284
cell_285,285
cell_286,286
cell_287,287
cell_288,288
cell_289,289
cell_29,29
cell_290,290
cell_291,291
cell_292,292
cell_293,293
cell_294,294
cell_295,295
cell_296,296
cell_297,297
cell_298,298
cell_299,299
cell_3,3
cell_30,30
cell_300,300
cell_301,301
cell_302,302
cell_303,303
cell_304,304
cell_305,305
cell_306,306
cell_307,307
cell_308,308
cell_309,309
cell_31,31
cell_310,310
cell_311,311
cell_312,312
cell_313,313
cell_314,314
cell_315,315
cell_316,316
cell_317,317
cell_318,318
cell_319,319
cell_32,32
cell_320,320
cell_321,321
cell_322,322
cell_323,323
cell_324,324
cell_325,325
cell_326,326
cell_327,327
cell_328,328
cell_329,329
cell_33,33
cell_330,330
cell_331,331
cell_332,332
cell_333,333
cell_334,334
cell_335,335
cell_336,336
cell_337,337
cell_338,338
cell_339,339
cell_34,34
cell_340,340
cell_341,341
cell_342,342
cell_343,343
cell_344,344
cell_345,345
cell_346,346
cell_347,347
cell_348,348
cell_349,349
cell_35,35
cell_350,350
cell_351,351
cell_352,352
cell_353,353
cell_354,354
cell_355,355
cell_357,357
cell_358,358
cell_359,359
cell_36,36
cell_360,360
cell_361,361
cell_362,362
cell_363,363
cell_364,364
cell_366,366
cell_367,367
cell_368,368
cell_369,369
cell_370,370
cell_371,371
cell_372,372
cell_373,373
cell_374,374
cell_375,375
cell_376,376
cell_378,378
cell_379,379
cell_38,38
cell_380,380
cell_381,381
cell_382,382
cell_383,383
cell_384,384
cell_385,385
cell_386,386
cell_387,387
cell_388,388
cell_389,389
cell_39,39
cell_390,390
cell_391,391
cell_392,392
cell_393,393
cell_394,394
cell_395,395
cell_396,396
cell_397,397
cell_398,398
cell_399,399
cell_4,4
cell_40,40
cell_400,400
cell_401,401
cell_402,402
cell_403,403
cell_404,404
cell_405,405
cell_406,406
cell_407,407
cell_408,408
cell_409,409
cell_41,41
cell_410,410
cell_411,411
cell_412,412
cell_413,413
cell_414,414
cell_415,415
cell_416,416
cell_417,417
cell_418,418
cell_419,419
cell_42,42
cell_420,420
cell_421,421
cell_422,422
cell_423,423
cell_424,424
cell_425,425
cell_426,426
cell_427,427
cell_428,428
cell_429,429
cell_43,43
cell_430,430
cell_431,431
cell_432,432
cell_433,433
cell_434,434
cell_435,435
cell_436,436
cell_437,437
cell_438,438
cell_439,439
cell_44,44
cell_440,440
cell_441,441
cell_442,442
cell_443,443
cell_444,444
cell_445,445
cell_446,446
cell_447,447
cell_448,448
cell_449,449
cell_45,45
cell_450,450
cell_451,451
cell_452,452
cell_453,453
cell_454,454
cell_455,455
cell_456,456
cell_457,457
cell_458,458
cell_459,459
cell_46,46
cell_460,460
cell_461,461
cell_462,462
cell_463,463
cell_464,464
cell_466,466
cell_467,467
cell_468,468
cell_469,469
cell_47,47
cell_470,470
cell_471,471
cell_472,472
cell_473,473
cell_474,474
cell_475,475
cell_476,476
cell_477,477
cell_478,478
cell_479,479
cell_48,48
cell_480,480
cell_481,481
cell_482,482
cell_483,483
cell_484,484
cell_485,485
cell_486,486
cell_487,487
cell_488,488
cell_489,489
cell_490,490
cell_491,491
cell_492,492
cell_493,493
cell_494,494
cell_495,495
cell_496,496
cell_497,497
cell_498,498
cell_499,499
cell_5,5
cell_50,50
cell_500,500
cell_501,501
cell_502,502
cell_503,503
cell_504,504
cell_505,505
cell_506,506
cell_507,507
cell_508,508
cell_509,509
cell_51,51
cell_510,510
cell_511,511
cell_512,512
cell_513,513
cell_514,514
cell_515,515
cell_516,516
cell_517,517
cell_518,518
cell_519,519
cell_52,52
cell_520,520
cell_521,521
cell_522,522
cell_523,523
cell_5268,5268
cell_5269,5269
cell_5270,5270
cell_5271,5271
cell_5272,5272
cell_5273,5273
cell_5274,5274
cell_5275,5275
cell_5276,5276
cell_5277,5277
cell_5278,5278
cell_5279,5279
cell_5280,5280
cell_5281,5281
cell_5282,5282
cell_5283,5283
cell_5284,5284
cell_5285,5285
cell_5286,5286
cell_5287,5287
cell_5288,5288
cell_5289,5289
cell_5290,5290
cell_5291,5291
cell_5292,5292
cell_5293,5293
cell_5294,5294
cell_5295,5295
cell_5296,5296
cell_5297,5297
cell_5298,5298
cell_5299,5299
cell_53,53
cell_5300,5300
cell_5301,5301
cell_5303,5303
cell_5305,5305
cell_5306,5306
cell_5307,5307
cell_5308,5308
cell_5309,5309
cell_5310,5310
cell_5311,5311
cell_5313,5313
cell_5314,5314
cell_5315,5315
cell_5316,5316
cell_5317,5317
cell_5318,5318
cell_5319,5319
cell_5320,5320
cell_5321,5321
cell_5323,5323
cell_5324,5324
cell_5325,5325
cell_5326,5326
cell_5327,5327
cell_5329,5329
cell_5330,5330
cell_5331,5331
cell_5332,5332
cell_5333,5333
cell_5334,5334
cell_5335,5335
cell_5336,5336
cell_5337,5337
cell_5338,5338
cell_5339,5339
cell_5340,5340
cell_5341,5341
cell_5342,5342
cell_5343,5343
cell_5345,5345
cell_5346,5346
cell_5347,5347
cell_5348,5348
cell_5349,5349
cell_5350,5350
cell_5351,5351
cell_5352,5352
cell_5353,5353
cell_5354,5354
cell_5355,5355
cell_5356,5356
cell_5357,5357
cell_5358,5358
cell_5359,5359
cell_5360,5360
cell_5361,5361
cell_5362,5362
cell_5363,5363
cell_5364,5364
cell_5365,5365
cell_5366,5366
cell_5367,5367
cell_5368,5368
cell_5370,5370
cell_5371,5371
cell_5373,5373
cell_5374,5374
cell_5375,5375
cell_5376,5376
cell_5377,5377
cell_5378,5378
cell_5379,5379
cell_5380,5380
cell_5381,5381
cell_5382,5382
cell_5383,5383
cell_5384,5384
cell_5385,5385
cell_5386,5386
cell_5387,5387
cell_5388,5388
cell_5389,5389
cell_5390,5390
cell_5391,5391
cell_5392,5392
cell_5393,5393
cell_5394,5394
cell_5395,5395
cell_5396,5396
cell_5397,5397
cell_5398,5398
cell_5399,5399
cell_54,54
cell_5400,5400
cell_5402,5402
cell_5403,5403
cell_5404,5404
cell_5405,5405
cell_5406,5406
cell_5407,5407
cell_5408,5408
cell_5409,5409
cell_5410,5410
cell_5412,5412
cell_5413,5413
cell_5414,5414
cell_5415,5415
cell_5417,5417
cell_5418,5418
cell_5419,5419
cell_5420,5420
cell_5421,5421
cell_5422,5422
cell_5423,5423
cell_5424,5424
cell_5426,5426
cell_5427,5427
cell_5428,5428
cell_5429,5429
cell_5430,5430
cell_5431,5431
cell_5432,5432
cell_5434,5434
cell_5435,5435
cell_5436,5436
cell_5437,5437
cell_5438,5438
cell_5439,5439
cell_5440,5440
cell_5441,5441
cell_5442,5442
cell_5443,5443
cell_5444,5444
cell_5445,5445
cell_5446,5446
cell_5448,5448
cell_5449,5449
cell_5450,5450
cell_5451,5451
cell_5452,5452
cell_5453,5453
cell_5455,5455
cell_5456,5456
cell_5457,5457
cell_5458,5458
cell_5459,5459
cell_5460,5460
cell_5461,5461
cell_5462,5462
cell_5463,5463
cell_5465,5465
cell_5466,5466
cell_5467,5467
cell_5468,5468
cell_5470,5470
cell_5471,5471
cell_5472,5472
cell_5473,5473
cell_5474,5474
cell_5475,5475
cell_5476,5476
cell_5477,5477
cell_5478,5478
cell_5479,5479
cell_5480,5480
cell_5481,5481
cell_5482,5482
cell_5483,5483
cell_5484,5484
cell_5485,5485
cell_5486,5486
cell_5487,5487
cell_5488,5488
cell_5489,5489
cell_5490,5490
cell_5491,5491
cell_5492,5492
cell_5493,5493
cell_5494,5494
cell_5495,5495
cell_5497,5497
cell_5498,5498
cell_5499,5499
cell_55,55
cell_5500,5500
cell_5501,5501
cell_5502,5502
cell_5503,5503
cell_5504,5504
cell_5505,5505
cell_5506,5506
cell_5507,5507
cell_5508,5508
cell_5509,5509
cell_5510,5510
cell_5511,5511
cell_5512,5512
cell_5513,5513
cell_5514,5514
cell_5516,5516
cell_5517,5517
cell_5518,5518
cell_5519,5519
cell_5520,5520
cell_5521,5521
cell_5522,5522
cell_5523,5523
cell_5524,5524
cell_5525,5525
cell_5526,5526
cell_5527,5527
cell_5528,5528
cell_5529,5529
cell_5530,5530
cell_5531,5531
cell_5532,5532
cell_5533,5533
cell_5534,5534
cell_5535,5535
cell_5536,5536
cell_5537,5537
cell_5538,5538
cell_5539,5539
cell_5540,5540
cell_5541,5541
cell_5542,5542
cell_5543,5543
cell_5544,5544
cell_5545,5545
cell_5546,5546
cell_5547,5547
cell_5548,5548
cell_5549,5549
cell_5550,5550
cell_5551,5551
cell_5552,5552
cell_5553,5553
cell_5554,5554
cell_5555,5555
cell_5556,5556
cell_5557,5557
cell_5558,5558
cell_5559,5559
cell_5560,5560
cell_5561,5561
cell_5562,5562
cell_5563,5563
cell_5564,5564
cell_5565,5565
cell_5566,5566
cell_5567,5567
cell_5568,5568
cell_5569,5569
cell_5570,5570
cell_5571,5571
cell_5572,5572
cell_5573,5573
cell_5575,5575
cell_5576,5576
cell_5577,5577
cell_5578,5578
cell_5579,5579
cell_5580,5580
cell_5581,5581
cell_5582,5582
cell_5583,5583
cell_5584,5584
cell_5585,5585
cell_5586,5586
cell_5587,5587
cell_5588,5588
cell_5589,5589
cell_5590,5590
cell_5591,5591
cell_5592,5592
cell_5593,5593
cell_5594,5594
cell_5596,5596
cell_5598,5598
cell_5599,5599
cell_56,56
cell_5600,5600
cell_5601,5601
cell_5602,5602
cell_5603,5603
cell_5604,5604
cell_5605,5605
cell_5606,5606
cell_5607,5607
cell_5608,5608
cell_5609,5609
cell_5610,5610
cell_5611,5611
cell_5613,5613
cell_5614,5614
cell_5615,5615
cell_5616,5616
cell_5617,5617
cell_5618,5618
cell_5619,5619
cell_5620,5620
cell_5621,5621
cell_5622,5622
cell_5623,5623
cell_5624,5624
cell_5625,5625
cell_5626,5626
cell_5627,5627
cell_5628,5628
cell_5629,5629
cell_5630,5630
cell_5631,5631
cell_5632,5632
cell_5633,5633
cell_5634,5634
cell_5635,5635
cell_5636,5636
cell_5637,5637
cell_5638,5638
cell_5639,5639
cell_5640,5640
cell_5641,5641
cell_5642,5642
cell_5643,5643
cell_5645,5645
cell_5646,5646
cell_5647,5647
cell_5648,5648
cell_5649,5649
cell_5650,5650
cell_5651,5651
cell_5652,5652
cell_5653,5653
cell_5654,5654
cell_5655,5655
cell_5656,5656
cell_5657,5657
cell_5658,5658
cell_5659,5659
cell_5660,5660
cell_5661,5661
cell_5662,5662
cell_5663,5663
cell_5664,5664
cell_5665,5665
cell_5666,5666
cell_5667,5667
cell_5668,5668
cell_5669,5669
cell_5670,5670
cell_5671,5671
cell_5672,5672
cell_5673,5673
cell_5675,5675
cell_5676,5676
cell_5677,5677
cell_5678,5678
cell_5679,5679
cell_5680,5680
cell_5682,5682
cell_5683,5683
cell_5684,5684
cell_5685,5685
cell_5686,5686
cell_5687,5687
cell_5688,5688
cell_5689,5689
cell_5690,5690
cell_5691,5691
cell_5692,5692
cell_5693,5693
cell_5694,5694
cell_5695,5695
cell_5696,5696
cell_5697,5697
cell_5698,5698
cell_5699,5699
cell_57,57
cell_5700,5700
cell_5701,5701
cell_5702,5702
cell_5703,5703
cell_5704,5704
cell_5705,5705
cell_5706,5706
cell_5707,5707
cell_5708,5708
cell_5709,5709
cell_5710,5710
cell_5711,5711
cell_5712,5712
cell_5713,5713
cell_5714,5714
cell_5715,5715
cell_5716,5716
cell_5717,5717
cell_5718,5718
cell_5719,5719
cell_5720,5720
cell_5721,5721
cell_5722,5722
cell_5723,5723
cell_5725,5725
cell_5726,5726
cell_5727,5727
cell_5728,5728
cell_5729,5729
cell_5730,5730
cell_5731,5731
cell_5732,5732
cell_5733,5733
cell_5734,5734
cell_5735,5735
cell_5736,5736
cell_5737,5737
cell_5738,5738
cell_5739,5739
cell_5740,5740
cell_5741,5741
cell_5742,5742
cell_5743,5743
cell_5744,5744
cell_5745,5745
cell_5746,5746
cell_5747,5747
cell_5748,5748
cell_5749,5749
cell_5750,5750
cell_5751,5751
cell_5752,5752
cell_5753,5753
cell_5754,5754
cell_5755,5755
cell_5756,5756
cell_5757,5757
cell_5758,5758
cell_5759,5759
cell_5760,5760
cell_5761,5761
cell_5762,5762
cell_5763,5763
cell_5764,5764
cell_5765,5765
cell_5766,5766
cell_5768,5768
cell_5769,5769
cell_5771,5771
cell_5772,5772
cell_5773,5773
cell_5774,5774
cell_5775,5775
cell_5776,5776
cell_5777,5777
cell_5778,5778
cell_5779,5779
cell_5780,5780
cell_5781,5781
cell_5782,5782
cell_5783,5783
cell_5784,5784
cell_5785,5785
cell_5786,5786
cell_5787,5787
cell_5788,5788
cell_5789,5789
cell_5791,5791
cell_5792,5792
cell_5793,5793
cell_5794,5794
cell_5795,5795
cell_5798,5798
cell_5799,5799
cell_58,58
cell_59,59
cell_6,6
cell_60,60
cell_61,61
cell_62,62
cell_63,63
cell_64,64
cell_65,65
cell_66,66
cell_67,67
cell_68,68
cell_69,69
cell_7,7
cell_70,70
cell_71,71
cell_72,72
cell_73,73
cell_75,75
cell_76,76
cell_77,77
cell_78,78
cell_79,79
cell_8,8
cell_80,80
cell_81,81
cell_82,82
cell_84,84
cell_86,86
cell_87,87
cell_88,88
cell_89,89
cell_9,9
cell_91,91
cell_92,92
cell_93,93
cell_94,94
cell_95,95
cell_96,96
cell_97,97
cell_98,98
cell_99,99
